1,평점5,"신발은 ㄴㅏ이키

착한 가격
질 좋은 상품
빠르고 안전한 배송

쇼핑의 3박자 완벽
비가 와서 조금 걱정 했는데

2중 포장에 비닐 까지 씌어주셔서
상품 본품은 물론 박스 까지 새상품 안전하게 받았습니다

기존에 검 / 흰 제품을 신어보고
디자인 착화감 내구성 전반적으로 마음에 들어서
올 블랙 색상 추가 구매 하게 됐습니다

같은 제품을 2개 이상 구매 한 적이 단 한번도 없었는데
이번에 나온 레볼루션6 넥스트 네이쳐는
정말 마음에 듭니다

직업의 특성상 활동량이 많고
오래 서 있는데 확실히 브랜드 신발이
피로도가 훨씬 적고
최신버전인 만큼 무릎에 가해지는 충격 흡수도 좋네요

지인중에 A사 직원이 있어서
저렴하게 혹은 공짜로 받아서 제품을 사용 했었지만

나이키 제품 특유의 세련미나
스우시 로고의 멋을 따라갈 수 가 없어요

신발이 거기서 거기지 뭐? 했던 맘도 없지않아 있었는데
확실히 값어치가 있다고 느낀게
나이키 A사 외 타 브랜드는 인지도가 떨어지는 이유가

가격이 저렴하다지만
디자인이 촌스러운건 물론..
색감 마감처리 엉망인 경우가 많아요

지인한텐 미안하지만 신발은 나이키 !!

평소에 270 정사이즈 신는데
발볼이 넓고 스포츠 양말을 신어서
레볼루션 제품은 한치수 크게 신으니 잘맞습니다

디자인 덕분에
발이 항공모함 처럼 커 보이지도 않고 좋아요

신발은 ㄴㅏ이키","신발은 ㄴㅏ이키

착한 가격
질 좋은 상품
빠르고 안전한 배송

쇼핑의 3박자 완벽
비가 와서 조금 걱정 했는데

2중 포장에 비닐 까지 씌어주셔서
상품 본품은 물론 박스 까지 새상품 안전하게 받았습니다

기존에 검 / 흰 제품을 신어보고
디자인 착화감 내구성 전반적으로 마음에 들어서
올 블랙 색상 추가 구매 하게 됐습니다

같은 제품을 2개 이상 구매 한 적이 단 한번도 없었는데
이번에 나온 레볼루션6 넥스트 네이쳐는
정말 마음에 듭니다

직업의 특성상 활동량이 많고
오래 서 있는데 확실히 브랜드 신발이
피로도가 훨씬 적고
최신버전인 만큼 무릎에 가해지는 충격 흡수도 좋네요

지인중에 A사 직원이 있어서
저렴하게 혹은 공짜로 받아서 제품을 사용 했었지만

나이키 제품 특유의 세련미나
스우시 로고의 멋을 따라갈 수 가 없어요

신발이 거기서 거기지 뭐? 했던 맘도 없지않아 있었는데
확실히 값어치가 있다고 느낀게
나이키 A사 외 타 브랜드는 인지도가 떨어지는 이유가

가격이 저렴하다지만
디자인이 촌스러운건 물론..
색감 마감처리 엉망인 경우가 많아요

지인한텐 미안하지만 신발은 나이키 !!

평소에 270 정사이즈 신는데
발볼이 넓고 스포츠 양말을 신어서
레볼루션 제품은 한치수 크게 신으니 잘맞습니다

디자인 덕분에
발이 항공모함 처럼 커 보이지도 않고 좋아요

신발은 ㄴㅏ이키"
2,평점5,"저는 여자신발 사이즈 기준으로 US 8.5, 한국 사이즈는 255~260이 잘 맞는 편인데 이 신발은 남성용으로 나온 거지만 제 생각보다는 크지 않은 것 같아요. 발볼 넓은 사람 기준으로 타이트해서 저랑 같은 사이즈를 신는 분이면 한 사이즈 더 큰 것으로 사는 편이 좋겠어요. 길이는 딱 맞고 신발이 굉장히 가볍습니다. 디자인 깔끔하고 올블랙이라 어떤 코디에도 무난하게 신기 좋네요. 사이즈 하나만 더 크게 샀다면 좋았을텐데 그게 조금 아쉬웠어요. 사이즈 정확히 모르시는 분들은 꼭 신어보고 사세요.","저는 여자신발 사이즈 기준으로 US 8.5, 한국 사이즈는 255~260이 잘 맞는 편인데 이 신발은 남성용으로 나온 거지만 제 생각보다는 크지 않은 것 같아요. 발볼 넓은 사람 기준으로 타이트해서 저랑 같은 사이즈를 신는 분이면 한 사이즈 더 큰 것으로 사는 편이 좋겠어요. 길이는 딱 맞고 신발이 굉장히 가볍습니다. 디자인 깔끔하고 올블랙이라 어떤 코디에도 무난하게 신기 좋네요. 사이즈 하나만 더 크게 샀다면 좋았을텐데 그게 조금 아쉬웠어요. 사이즈 정확히 모르시는 분들은 꼭 신어보고 사세요."
3,평점3,작게 나왔다고 해서 평소에 265 신는데 270으로 했어요. 끈을 느슨하게 묶으니까 잘 맞아요. 가볍고 편하고 신다 보면 늘어날 거 같은데 그땐 끈을 좀 조이면 되겠죠. 근데 배송받고 바로 착용해보고 리뷰쓰러 들어왔더니 가격이 내렸네요. 허허ㅜㅜ 신발은 편안해서 만족합니다.,작게 나왔다고 해서 평소에 265 신는데 270으로 했어요. 끈을 느슨하게 묶으니까 잘 맞아요. 가볍고 편하고 신다 보면 늘어날 거 같은데 그땐 끈을 좀 조이면 되겠죠. 근데 배송받고 바로 착용해보고 리뷰쓰러 들어왔더니 가격이 내렸네요. 허허ㅜㅜ 신발은 편안해서 만족합니다.
4,평점5,"기대안하고 상품을 받았네요
실험겸 산책을 했는데 접지력이좋아 발목이 편했어요
그래서 러닝을 했더니 통풍이 잘되면서 발이 편하네요
요글래 운동할려구 산거치고 이게 최고네요
아주 비싼 런닝화 찾지 않을거면 이게 굿초이스
이건 물건임","기대안하고 상품을 받았네요
실험겸 산책을 했는데 접지력이좋아 발목이 편했어요
그래서 러닝을 했더니 통풍이 잘되면서 발이 편하네요
요글래 운동할려구 산거치고 이게 최고네요
아주 비싼 런닝화 찾지 않을거면 이게 굿초이스
이건 물건임"
5,평점4,아들이 신을건데 봄에 신어야겠어요 아주 메쉬인줄은 몰랐네요 ㅠㅠ 주문하고서 리뷰들을 봐서 소리날까봐 걱정했는데 그렇지는 않고 아디다스랑 사이즈 비슷한듯한데 지금 발이 애매해서 잘 모르겠어요 약간 칼발인데 아주 조금 크다고하니 아디다스 270보다는 좀 크긴한가봐요 5차이가 있지만요 할인할때 잘 샀어요,아들이 신을건데 봄에 신어야겠어요 아주 메쉬인줄은 몰랐네요 ㅠㅠ 주문하고서 리뷰들을 봐서 소리날까봐 걱정했는데 그렇지는 않고 아디다스랑 사이즈 비슷한듯한데 지금 발이 애매해서 잘 모르겠어요 약간 칼발인데 아주 조금 크다고하니 아디다스 270보다는 좀 크긴한가봐요 5차이가 있지만요 할인할때 잘 샀어요
6,평점5,"신랑이 족저근막염이 있어서 신발이 편하지 않으면 잘 신지 못하는데, 네볼루션 6 시리즈는 다 편하다 하네요. 그래서 색깔별로 구매했습니다. 족저근막염으로 힘들면 끌면서 걷는 편이라 잘 닳아서 수시로 신발을 바꿔 줘야는데, 할인할 때 저렴하게 잘 샀네요. 원래 270 신는데, 275 사이즈로 구입했더니, 완전 편하다고 합니다.","신랑이 족저근막염이 있어서 신발이 편하지 않으면 잘 신지 못하는데, 네볼루션 6 시리즈는 다 편하다 하네요. 그래서 색깔별로 구매했습니다. 족저근막염으로 힘들면 끌면서 걷는 편이라 잘 닳아서 수시로 신발을 바꿔 줘야는데, 할인할 때 저렴하게 잘 샀네요. 원래 270 신는데, 275 사이즈로 구입했더니, 완전 편하다고 합니다."
7,평점5,발볼 좁다는 리뷰가 많아서 걱정했는데 전혀 좁지 않네요. (정사이즈보다 한치수 크게 주문) 본딩 마감이라던지 포장상태 모두 저가형스럽지 않게 훌륭합니다. 오프라인에서 살 때는 몰랐는데 온라인구매하니 역시 나이키구나 싶네요. 명불허전입니다. 번창하세요.,발볼 좁다는 리뷰가 많아서 걱정했는데 전혀 좁지 않네요. (정사이즈보다 한치수 크게 주문) 본딩 마감이라던지 포장상태 모두 저가형스럽지 않게 훌륭합니다. 오프라인에서 살 때는 몰랐는데 온라인구매하니 역시 나이키구나 싶네요. 명불허전입니다. 번창하세요.
8,평점5,"가격보다는 괜찮은거 같습니다.
나이키 신발만 수두룩해서 올블랙 시켜봤는데.. 개인적으로 올블랙보단 블랙&화이트 섞인 색상이 이쁩니다.

나이키 250신는 중1아들에게 작다는평이 있어서 255사줬는데 아들이 신어보더니 250보다 큰게 느껴진다고 합니다. 착용감은 각자 다 다르지만 정사이즈로 사셔도 무방할듯 싶네요.","가격보다는 괜찮은거 같습니다.
나이키 신발만 수두룩해서 올블랙 시켜봤는데.. 개인적으로 올블랙보단 블랙&화이트 섞인 색상이 이쁩니다.

나이키 250신는 중1아들에게 작다는평이 있어서 255사줬는데 아들이 신어보더니 250보다 큰게 느껴진다고 합니다. 착용감은 각자 다 다르지만 정사이즈로 사셔도 무방할듯 싶네요."
9,평점4,배송은 빠릅니다 신발은 가볍고 편해보여요- 마감상태는 여기저기 조금씩 본드 보이고 불량 까지는 아닌데 밑창넓이가 양발이 달라요 한쪽신발은 사이즈가 딱맞는데 한쪽신발은 양옆으로 테두리가 5mm정도 넓어요 같이보면 티가 확나지만 검은색이라 그나마 다행이에요 그냥 가볍게 신을 생각이라 교환안합니다 검수를 조금만 신경써주세요-,배송은 빠릅니다 신발은 가볍고 편해보여요- 마감상태는 여기저기 조금씩 본드 보이고 불량 까지는 아닌데 밑창넓이가 양발이 달라요 한쪽신발은 사이즈가 딱맞는데 한쪽신발은 양옆으로 테두리가 5mm정도 넓어요 같이보면 티가 확나지만 검은색이라 그나마 다행이에요 그냥 가볍게 신을 생각이라 교환안합니다 검수를 조금만 신경써주세요-
10,평점5,"신발이 가볍고 푹신푹신해요
이 가격에 이정도 퀄리티면 아주 좋아요
사이즈는 업하는걸 추천해요
평소 신발은275신고 나이키 코르테즈는 280신음
이거도 275 시착했는데 발이 너무 딱 맞음
엄지발가락이 신발 끝에 닿아요
이상태로 10분이상 걸으면 분명 엄지발가락 멍들거같아서 280으로 구매했음 참고들하세요~","신발이 가볍고 푹신푹신해요
이 가격에 이정도 퀄리티면 아주 좋아요
사이즈는 업하는걸 추천해요
평소 신발은275신고 나이키 코르테즈는 280신음
이거도 275 시착했는데 발이 너무 딱 맞음
엄지발가락이 신발 끝에 닿아요
이상태로 10분이상 걸으면 분명 엄지발가락 멍들거같아서 280으로 구매했음 참고들하세요~"
11,평점5,"상품의 질이 매우뛰어납니다. 매우 만족하고 있으며, 추후에 반.드.시.또 구매하겠습니다.
양질의 상품을 배송해주셔서 감사합니다.
또 주문할께요.
상품의 질이 매우뛰어납니다. 매우 만족하고 있으며, 추후에 반.드.시.또 구매하겠습니다.
양질의 상품을 배송해주셔서 감사합니다.
또 주문할께요","상품의 질이 매우뛰어납니다. 매우 만족하고 있으며, 추후에 반.드.시.또 구매하겠습니다.
양질의 상품을 배송해주셔서 감사합니다.
또 주문할께요.
상품의 질이 매우뛰어납니다. 매우 만족하고 있으며, 추후에 반.드.시.또 구매하겠습니다.
양질의 상품을 배송해주셔서 감사합니다.
또 주문할께요"
12,평점5,"발 볼이 넓은편이라서 한사이즈 크게 구매했어요.
길이는 조금 남는데 아치부분이 좁아서 그런지 볼은 딱 맞아요.
발등 전체가 메쉬로 되어있고 볼 사이드를 지지해주는게 없어서
뒤틀림을 잡아주는 느낌은 없어요. 발이 고정이 안 된다는거죠.
부드럽고 가벼워서 조깅할 때 편하게 신기에는 괜찮은 것 같아요.
색상은 깔끔한 올블랙이라서 완전 마음에 듭니다.","발 볼이 넓은편이라서 한사이즈 크게 구매했어요.
길이는 조금 남는데 아치부분이 좁아서 그런지 볼은 딱 맞아요.
발등 전체가 메쉬로 되어있고 볼 사이드를 지지해주는게 없어서
뒤틀림을 잡아주는 느낌은 없어요. 발이 고정이 안 된다는거죠.
부드럽고 가벼워서 조깅할 때 편하게 신기에는 괜찮은 것 같아요.
색상은 깔끔한 올블랙이라서 완전 마음에 듭니다."
13,평점4,누가 교환한 신발인지 빨간색 나이키 상표가 신발에 안붙어있고요. 실외에서 신은 흔적은 없는데 실내바닥에서 신어본 흔적은 보이고요.기분이 좋지않지만 그냥 신어요.가볍고 착용감 좋아요.다른 운동화보다 한사이즈 크게 신으니 딱 맞아요.,누가 교환한 신발인지 빨간색 나이키 상표가 신발에 안붙어있고요. 실외에서 신은 흔적은 없는데 실내바닥에서 신어본 흔적은 보이고요.기분이 좋지않지만 그냥 신어요.가볍고 착용감 좋아요.다른 운동화보다 한사이즈 크게 신으니 딱 맞아요.
14,평점4,운동화는 245신는데 작을까봐 걱정하면서 샀어요 .. 사이즈가240밖에없어서 신중해야했던.. 받아보고 신어보니 딱맞아서 좋아요 2센치정도 여유있는데 발이아프진않아 그냥신을랍니다. 가격착하고 가볍고 무난하고 나이키고 런닝할때신을꺼라 좋아요,운동화는 245신는데 작을까봐 걱정하면서 샀어요 .. 사이즈가240밖에없어서 신중해야했던.. 받아보고 신어보니 딱맞아서 좋아요 2센치정도 여유있는데 발이아프진않아 그냥신을랍니다. 가격착하고 가볍고 무난하고 나이키고 런닝할때신을꺼라 좋아요
15,평점3,"제발 길이가 255미리입니다
평소여유 있게 신는걸 좋아해서 항상 265를 신는데요
265를 주문했는데 너무 딱 맞아서 신발 내부를 측정해보니 내부 직경이 257.5가 나옵니다 다행히 딱 맞게 신을 수는 있었습니다 주문하시는분들 참고하세요","제발 길이가 255미리입니다
평소여유 있게 신는걸 좋아해서 항상 265를 신는데요
265를 주문했는데 너무 딱 맞아서 신발 내부를 측정해보니 내부 직경이 257.5가 나옵니다 다행히 딱 맞게 신을 수는 있었습니다 주문하시는분들 참고하세요"
16,평점5,"나이키운동화가 사이즈보다 좀 작게 나오는 경향이 있어서 5mm~10mm정도 사이즈업 해서 주문했는데요. 받아서 신어보니 발 볼이 좁아서 살짝 당황했는데요. 끈을 좀 여유있게 조정하니까 좀 나은데요. 신으면서 적응시키면 될것같습니다.
디자인 좋고요. 무난한 블랙이라 오래도록 잘 신을수 있을것 같아요.","나이키운동화가 사이즈보다 좀 작게 나오는 경향이 있어서 5mm~10mm정도 사이즈업 해서 주문했는데요. 받아서 신어보니 발 볼이 좁아서 살짝 당황했는데요. 끈을 좀 여유있게 조정하니까 좀 나은데요. 신으면서 적응시키면 될것같습니다.
디자인 좋고요. 무난한 블랙이라 오래도록 잘 신을수 있을것 같아요."
17,평점3,"운동할때나 편하게 신을 수 있어서
샀어요 사이즈는 한사이즈 더 크게
주문했는데 약간 작대요. 신다보면
익숙해지겠져 아직은 신고 안다녀봤지만
후기에보면 걸을때마다 소리난다는 글이
많아서 살짝 걱정이네요 제발 소리 안났으면
좋겠어요 본드자국이 살짝 거슬리지만
그냥 신으려고여~","운동할때나 편하게 신을 수 있어서
샀어요 사이즈는 한사이즈 더 크게
주문했는데 약간 작대요. 신다보면
익숙해지겠져 아직은 신고 안다녀봤지만
후기에보면 걸을때마다 소리난다는 글이
많아서 살짝 걱정이네요 제발 소리 안났으면
좋겠어요 본드자국이 살짝 거슬리지만
그냥 신으려고여~"
18,평점5,남편이 운동할 때 신는 운동화를 바꿀 때가 된 것 같아서 이번에 나이키 레볼루션 6 넥스트 네이처 올블랙을 구입해서 선물했어요. 이것저것 신어봐도 나이키 운동화가 제일 편한 것 같아요. 올블랙이라 디자인도 깔끔하고 예뻐서 좋아요.,남편이 운동할 때 신는 운동화를 바꿀 때가 된 것 같아서 이번에 나이키 레볼루션 6 넥스트 네이처 올블랙을 구입해서 선물했어요. 이것저것 신어봐도 나이키 운동화가 제일 편한 것 같아요. 올블랙이라 디자인도 깔끔하고 예뻐서 좋아요.
19,평점4,기존에 모든 신발을 250으로 신었는데... 여기 댓글 보고 한치수 크게 구입하라고 해서 255로 주문했더니.... 역시 작았음.... 260으로 구입했어야 하는데... 좀 아쉽네요... 엄지발가락 부분이 편하지가 않지만 좀 신다보면 괜찮아 지겠죠....,기존에 모든 신발을 250으로 신었는데... 여기 댓글 보고 한치수 크게 구입하라고 해서 255로 주문했더니.... 역시 작았음.... 260으로 구입했어야 하는데... 좀 아쉽네요... 엄지발가락 부분이 편하지가 않지만 좀 신다보면 괜찮아 지겠죠....
20,평점1,"하...진짜 너무 합니다
롯데몰꺼는 본드 자욱 하나없이 깔끔하던데
ak몰? 기억해둘게요
다신 구매 안할꺼 같네요
반품 보내서 다시 받았는데 그나마 조금 나을뿐
뽄드 자국있군요
에혀...많이 파세요","하...진짜 너무 합니다
롯데몰꺼는 본드 자욱 하나없이 깔끔하던데
ak몰? 기억해둘게요
다신 구매 안할꺼 같네요
반품 보내서 다시 받았는데 그나마 조금 나을뿐
뽄드 자국있군요
에혀...많이 파세요"
21,평점4,"지금은 좀 꽉 맞는데 신다보면 편해질거 같아요
본드가 좀 보이고 뭔가 지저분한거 같은데 가까이 봐야만 보여요 일할때 신는거라 괜찮아요!","지금은 좀 꽉 맞는데 신다보면 편해질거 같아요
본드가 좀 보이고 뭔가 지저분한거 같은데 가까이 봐야만 보여요 일할때 신는거라 괜찮아요!"
22,평점3,신었을때 조금 불편해요 사이즈가 나이키다른 운동화에비해 너무 작아서 오래신고있으면 다리가 조여와요ㅠ,신었을때 조금 불편해요 사이즈가 나이키다른 운동화에비해 너무 작아서 오래신고있으면 다리가 조여와요ㅠ
23,평점5,"착한 가격에 좋은 제품, 빠른 배송까지 만족스럽네요. 수고하세요!!^^","착한 가격에 좋은 제품, 빠른 배송까지 만족스럽네요. 수고하세요!!^^"
24,평점3,배송기간 적당하고 받는분이 좋아하시네요,배송기간 적당하고 받는분이 좋아하시네요
25,평점5,디자인 좋고 발에 착 감깁니다.,디자인 좋고 발에 착 감깁니다.
26,평점5,사이즈가 타이트하게 나왔는지 5mm 업했더니 딱 좋아요. 쿠션가미 좋은게 아니라서 운동할때 말고 생활화로 신어야겠어요. 가격대비 만족!,사이즈가 타이트하게 나왔는지 5mm 업했더니 딱 좋아요. 쿠션가미 좋은게 아니라서 운동할때 말고 생활화로 신어야겠어요. 가격대비 만족!
27,평점5,"사이즈 업하길 잘햏어요.
볼이 넓은편이라 나이키는 좀 편하질 않았는데
이번제품은 편하고
저렴한 가격에 대 만족!
화이트 재구매^^~","사이즈 업하길 잘햏어요.
볼이 넓은편이라 나이키는 좀 편하질 않았는데
이번제품은 편하고
저렴한 가격에 대 만족!
화이트 재구매^^~"
28,평점5,받자마자 신고 산책했는데 편하고 쿠션이있어 발이 편해요 저렴하게 구입잘한것같아요 만족합니다,받자마자 신고 산책했는데 편하고 쿠션이있어 발이 편해요 저렴하게 구입잘한것같아요 만족합니다
29,평점4,"가볍고 착용감도 좋고 볼사이즈도 적당하고 다 좋은데, 쿠션감이 별로 없네요
러닝할땐 어느 정도의 쿠션감이 중요 하더라구요

그래서 별4개 입니다","가볍고 착용감도 좋고 볼사이즈도 적당하고 다 좋은데, 쿠션감이 별로 없네요
러닝할땐 어느 정도의 쿠션감이 중요 하더라구요

그래서 별4개 입니다"
30,평점4,넘 예뻐요 무엇보다 아주 가볍고 편해요 펑소235인데 240로 추문했어요,넘 예뻐요 무엇보다 아주 가볍고 편해요 펑소235인데 240로 추문했어요
31,평점5,"남편선물로 구매했어요!
만족스러워해서 나이키신발추가구매했네요~~
여름신발로 통기성이좋은 편인것같습니다.
가벼워서 좋아요","남편선물로 구매했어요!
만족스러워해서 나이키신발추가구매했네요~~
여름신발로 통기성이좋은 편인것같습니다.
가벼워서 좋아요"
32,평점3,감사합니다 잘받았습니다사이즈가 한치수 작게 나온거 같고신발끈이 조금 짧은 감이 있습니다그 외 착용감 디자인 다 맘에듭니다,감사합니다 잘받았습니다사이즈가 한치수 작게 나온거 같고신발끈이 조금 짧은 감이 있습니다그 외 착용감 디자인 다 맘에듭니다
33,평점5,"신발이 너무 편해서 같은 제품 3개 재구매 하였습니다..
빠른 배송에 가격도 착해서 대만족입니다..^^","신발이 너무 편해서 같은 제품 3개 재구매 하였습니다..
빠른 배송에 가격도 착해서 대만족입니다..^^"
34,평점5,"잘 받았습니다.
가격대비 퀄리티가 좋습니다.
생각보다 편하구요
배송이 빨라서 좋네요","잘 받았습니다.
가격대비 퀄리티가 좋습니다.
생각보다 편하구요
배송이 빨라서 좋네요"
35,평점5,"실제로 보면 더 이쁘고 좋습니다
가격대비 좋은 상품 입니다","실제로 보면 더 이쁘고 좋습니다
가격대비 좋은 상품 입니다"
36,평점5,"나이키레볼루션 DC3728-001 잘 신고 있습니다.
발볼이 넓은 편이라 1치수 더 크게 샀어요.
그랬더니 발 편합니다.
제 느낌에는 정사이즈였다면 정말 타이트했을 거 같아요.
1치수 더 크게 사는 게 편했습니다.
나이키레볼루션 DC3728-001 잘 신고 있습니다.
발볼이 넓은 편이라 1치수 더 크게 샀어요.
그랬더니 발 편합니다.
제 느낌에는 정사이즈였다면 정말 타이트했을 거 같아요.
1치수 더 크게 사는 게 편했습니다.
나이키레볼루션 DC3728-001 잘 신고 있습니다.
발볼이 넓은 편이라 1치수 더 크게 샀어요.
그랬더니 발 편합니다.
제 느낌에는 정사이즈였다면 정말 타이트했을 거 같아요.
1치수 더 크게 사는 게 편했습니다.","나이키레볼루션 DC3728-001 잘 신고 있습니다.
발볼이 넓은 편이라 1치수 더 크게 샀어요.
그랬더니 발 편합니다.
제 느낌에는 정사이즈였다면 정말 타이트했을 거 같아요.
1치수 더 크게 사는 게 편했습니다.
나이키레볼루션 DC3728-001 잘 신고 있습니다.
발볼이 넓은 편이라 1치수 더 크게 샀어요.
그랬더니 발 편합니다.
제 느낌에는 정사이즈였다면 정말 타이트했을 거 같아요.
1치수 더 크게 사는 게 편했습니다.
나이키레볼루션 DC3728-001 잘 신고 있습니다.
발볼이 넓은 편이라 1치수 더 크게 샀어요.
그랬더니 발 편합니다.
제 느낌에는 정사이즈였다면 정말 타이트했을 거 같아요.
1치수 더 크게 사는 게 편했습니다."
37,평점5,배송 빠르고 제품 이상없어요. 멕시코66은 275 인데 이 제품은 280 딱 좋네요. 사이즈가 조금 작게 나온게 맞는거 같으니 참고하세요.,배송 빠르고 제품 이상없어요. 멕시코66은 275 인데 이 제품은 280 딱 좋네요. 사이즈가 조금 작게 나온게 맞는거 같으니 참고하세요.
38,평점5,레볼루션6사려고 검색해서 여기서샀어요 편합니다 구두235신는데 240샀더니 잘맞네요,레볼루션6사려고 검색해서 여기서샀어요 편합니다 구두235신는데 240샀더니 잘맞네요
39,평점4,275신는데 이건 작게 나왔어요 280 맞네요아직 신고 나가지를 않아서 편하지는 모르겠는데 좋겠죠?,275신는데 이건 작게 나왔어요 280 맞네요아직 신고 나가지를 않아서 편하지는 모르겠는데 좋겠죠?
40,평점2,신발 마감이 마음에 안드네요 검수 했다고 믿었더니 …,신발 마감이 마음에 안드네요 검수 했다고 믿었더니 …
41,평점5,"아주 만족할만한 품질은 아니지만
가격대비 괜찮습니다","아주 만족할만한 품질은 아니지만
가격대비 괜찮습니다"
42,평점5,쿠션이 좀 아쉽지만 가격이 그만큼 싸니까 만족입니다,쿠션이 좀 아쉽지만 가격이 그만큼 싸니까 만족입니다
43,평점5,아들이 편하고 좋다고 하네요 저렴하게 잘 샀어요,아들이 편하고 좋다고 하네요 저렴하게 잘 샀어요
44,평점5,"사이즈는 정상이고요 볼이 좀 좁은 느낌입니다
착용감은 좋네요 배송 빠르고 만족합니다","사이즈는 정상이고요 볼이 좀 좁은 느낌입니다
착용감은 좋네요 배송 빠르고 만족합니다"
45,평점5,배송 빠르고 검은색이지만 너무 날렵하고 이쁘네요,배송 빠르고 검은색이지만 너무 날렵하고 이쁘네요
46,평점4,가격대비 잘 산거 같아요. 신발이 편하네요~~~~~^^,가격대비 잘 산거 같아요. 신발이 편하네요~~~~~^^
47,평점5,저렴하게 구입했습니다 편하고 아주 좋아요,저렴하게 구입했습니다 편하고 아주 좋아요
48,평점5,배송 빨라요 두번째 구매 가볍고 편해요 포장도 꼼꼼 아들이 편하다고 좋아해요,배송 빨라요 두번째 구매 가볍고 편해요 포장도 꼼꼼 아들이 편하다고 좋아해요
49,평점5,저렴하게 잘샀네요 신랑이 좋아해요,저렴하게 잘샀네요 신랑이 좋아해요
50,평점5,상품 좋고 배송도 빨라 만족합니다,상품 좋고 배송도 빨라 만족합니다
51,평점5,가볍고 착화감이 좋아서 괜찮아요,가볍고 착화감이 좋아서 괜찮아요
52,평점5,생각보다 가볍고 편하고 좋아요,생각보다 가볍고 편하고 좋아요
53,평점5,가격도 저렴하고 제품도 좋아요,가격도 저렴하고 제품도 좋아요
54,평점5,가볍고 엄청 편하네요 이뻐요,가볍고 엄청 편하네요 이뻐요
55,평점5,올블랙이라 깔끔하고 예뻐요,올블랙이라 깔끔하고 예뻐요
56,평점5,튼튼하고 좋아요 감사합니다,튼튼하고 좋아요 감사합니다
57,평점5,가볍게 신기 편하고 좋아요,가볍게 신기 편하고 좋아요
58,평점5,좋아요 싼가격에 좋은 물건,좋아요 싼가격에 좋은 물건
59,평점5,굿 굿굿 편하고 좋습니다,굿 굿굿 편하고 좋습니다
60,평점5,"트레드밀 전용으로 하나 구매했는데
이전에 사용하던 운동화보다 훨씬 편하고 좋습니다!","트레드밀 전용으로 하나 구매했는데
이전에 사용하던 운동화보다 훨씬 편하고 좋습니다!"
61,평점3,너무 사이즈가 작게나오고 런닝화라 그런지 오래신으먄 바ㄹ이 아프다네여 아쉬워요.,너무 사이즈가 작게나오고 런닝화라 그런지 오래신으먄 바ㄹ이 아프다네여 아쉬워요.
62,평점5,"발볼이 좁게 나와서 275로 주문 하니 딱 맞네요
신었을 때 발에 착 감기는 점이 좋아요","발볼이 좁게 나와서 275로 주문 하니 딱 맞네요
신었을 때 발에 착 감기는 점이 좋아요"
63,평점5,"아들이 신발을 두달신으면, 엉망진창이 되는 바람에
저렴하고 폭신한 신발 샀는데
요거 쟁여야겠어요
편하대요","아들이 신발을 두달신으면, 엉망진창이 되는 바람에
저렴하고 폭신한 신발 샀는데
요거 쟁여야겠어요
편하대요"
64,평점5,"남동생 운동할때 신으라고 선물했는데 너무 좋아하네요
한켤레 더 사줘야 할까봐요","남동생 운동할때 신으라고 선물했는데 너무 좋아하네요
한켤레 더 사줘야 할까봐요"
65,평점4,출근용 올블랙 운동화가 필요해서 주문했는데 착화감은 쿠션감이 적어 그냥그래요,출근용 올블랙 운동화가 필요해서 주문했는데 착화감은 쿠션감이 적어 그냥그래요
66,평점5,가볍고 좋아요배송도 빠릅니다신발이 좀 작게 나오긴했네요상품평 보고 저도 한 치수 크게 샀더니 딱 맞네요,가볍고 좋아요배송도 빠릅니다신발이 좀 작게 나오긴했네요상품평 보고 저도 한 치수 크게 샀더니 딱 맞네요
67,평점4,신발 엄청 가볍습니다. 아들이 헬스장에서 신을 런닝화가 필요하다 하여 구입했는데 편하다고 하네요.,신발 엄청 가볍습니다. 아들이 헬스장에서 신을 런닝화가 필요하다 하여 구입했는데 편하다고 하네요.
68,평점4,"발볼이 좁은편이지만 신으면 편해요
아들이 좋아함
추가로 주문합니다.","발볼이 좁은편이지만 신으면 편해요
아들이 좋아함
추가로 주문합니다."
69,평점5,"다 좋은디..신발에서..
걸을때마다 왜 소리가 날까요!

엄청 거슬려요 ㅠ","다 좋은디..신발에서..
걸을때마다 왜 소리가 날까요!

엄청 거슬려요 ㅠ"
70,평점4,배송 빨라요 디자인 화면 그대로 무지 가볍고 발도 편해요 감사,배송 빨라요 디자인 화면 그대로 무지 가볍고 발도 편해요 감사
71,평점5,"생일선물로 선택함
받는이가 매우좋아함
행사때 좋은가격으로 구매함","생일선물로 선택함
받는이가 매우좋아함
행사때 좋은가격으로 구매함"
72,평점3,배송은 예정일보다 하루 늦게 도착했네요. 평소 사이즈보다 한사이즈 크게 주문했는데도 딱 맞습니다. 착화감은 가볍긴 한데 좀 더 신어봐야 알듯 하네요.,배송은 예정일보다 하루 늦게 도착했네요. 평소 사이즈보다 한사이즈 크게 주문했는데도 딱 맞습니다. 착화감은 가볍긴 한데 좀 더 신어봐야 알듯 하네요.
73,평점5,"리뷰보고 한치수 큰거 샀는데 딱 좋네요
신발가볍고 너무 편합니다","리뷰보고 한치수 큰거 샀는데 딱 좋네요
신발가볍고 너무 편합니다"
74,평점5,"그냥 편하게 신고다니기 좋은거같음
치수는 약간 작게나온듯하니 한치수크게 주문하면촣을 듯...","그냥 편하게 신고다니기 좋은거같음
치수는 약간 작게나온듯하니 한치수크게 주문하면촣을 듯..."
75,평점5,볼이 좀 끼이는 편이고 그만큼 발을 잘 잡아줘서 안정감이 있네요,볼이 좀 끼이는 편이고 그만큼 발을 잘 잡아줘서 안정감이 있네요
76,평점5,"신어보니 편해서 추가구매했습니다.
발볼이 넓은 편이라, 한치수 더 크게 샀더니 편합니다.
덥지도 춥지도 않아요.
걷기 운동하기 딱 좋습니다.
만족해요.","신어보니 편해서 추가구매했습니다.
발볼이 넓은 편이라, 한치수 더 크게 샀더니 편합니다.
덥지도 춥지도 않아요.
걷기 운동하기 딱 좋습니다.
만족해요."
77,평점5,한사이즈크게시키니깐 딱맞앗어요^^싸게 엄청잘산거같애요,한사이즈크게시키니깐 딱맞앗어요^^싸게 엄청잘산거같애요
78,평점5,배송도 빠르고 가격도 적당하고 품질도 좋아 만족합니다~^^*,배송도 빠르고 가격도 적당하고 품질도 좋아 만족합니다~^^*
79,평점5,"저렴해요. 디자인은 괜찮은데, 착화감이 조금 불편하네요.","저렴해요. 디자인은 괜찮은데, 착화감이 조금 불편하네요."
80,평점5,잘받았어요 굿굿 추천해요 배송 빨라요,잘받았어요 굿굿 추천해요 배송 빨라요
81,평점5,"너무종ㅎ아요, 디잣인이 딱 내스타일.ㅈ","너무종ㅎ아요, 디잣인이 딱 내스타일.ㅈ"
82,평점5,좋은 상품 저렴하게 구매해 좋았습니다,좋은 상품 저렴하게 구매해 좋았습니다
83,평점5,겨울엔 조금 추울듯하지만 맘에 듭니다,겨울엔 조금 추울듯하지만 맘에 듭니다
84,평점4,앞부분이 생각보다 작아 좀 뭉둥하네요,앞부분이 생각보다 작아 좀 뭉둥하네요
85,평점5,아들신발로 샀어요 깔끔하고 이쁘네요,아들신발로 샀어요 깔끔하고 이쁘네요
86,평점5,그냥 평범한 디자인이라서 더 좋네요~,그냥 평범한 디자인이라서 더 좋네요~
87,평점5,배송 빠르고 디자인이 예쁘고 편해요~,배송 빠르고 디자인이 예쁘고 편해요~
88,평점3,아들이 신고있어요~맘에 든다고해요~,아들이 신고있어요~맘에 든다고해요~
89,평점5,소재도 가벼워서 편하게 신기 좋아요,소재도 가벼워서 편하게 신기 좋아요
90,평점4,"색상 마음에 들고, 사이즈 적당해요.","색상 마음에 들고, 사이즈 적당해요."
91,평점5,선물용인데 마음에 들어해서 좋아요,선물용인데 마음에 들어해서 좋아요
92,평점5,선물로 구입했는데 깔끔하고 이뻐요,선물로 구입했는데 깔끔하고 이뻐요
93,평점5,가볍고 편하고 싸게 잘 산거같아요.,가볍고 편하고 싸게 잘 산거같아요.
94,평점5,신랑 신으라고 샀어요..ㅋㅋ 이뻐요,신랑 신으라고 샀어요..ㅋㅋ 이뻐요
95,평점5,"상품 잘 받았습니다.

늘 나이키 운동화를 늘 구매해서 편하고 좋아서 착용하고 다닙니다. 늘 히시는 사업 번창하시기를 기원드립니다. 고맙습니다^^","상품 잘 받았습니다.

늘 나이키 운동화를 늘 구매해서 편하고 좋아서 착용하고 다닙니다. 늘 히시는 사업 번창하시기를 기원드립니다. 고맙습니다^^"
96,평점5,빠른배송 좋은 가격에 만족합니다,빠른배송 좋은 가격에 만족합니다
97,평점5,칼발인데 딱이네요.가볍고 좋아요,칼발인데 딱이네요.가볍고 좋아요
98,평점5,"우와 정말 가벼워요, 감사합니다","우와 정말 가벼워요, 감사합니다"
99,평점5,편하고 좋아요. 잘 신고있습니다.,편하고 좋아요. 잘 신고있습니다.
100,평점5,좋은 가격에 구매했어요,좋은 가격에 구매했어요
101,평점5,항상 잘 신고 있습니다,항상 잘 신고 있습니다
102,평점4,싸게 잘구입했네요~~!!!,싸게 잘구입했네요~~!!!
103,평점5,신발 편하고 넘 좋아요,신발 편하고 넘 좋아요
104,평점5,이쁘고 가볍고 좋네요,이쁘고 가볍고 좋네요
105,평점5,좋은 제품 감사합니다,좋은 제품 감사합니다
106,평점5,상품 잘받았어요사이즈도 잘맞고 담날 바로 출근때 신고 출근했네요,상품 잘받았어요사이즈도 잘맞고 담날 바로 출근때 신고 출근했네요
107,평점5,진짜 가볍고 편해요 ~,진짜 가볍고 편해요 ~
108,평점5,잘 받았습니다. 배송 빠르네요. 겨울이라 좀 따뜻한 신발을 찾다가 상품평에 따뜻하다는 걸보고 구매했는뎌. 메쉬재질이라 발이 시려울까봐 걱정이예요.,잘 받았습니다. 배송 빠르네요. 겨울이라 좀 따뜻한 신발을 찾다가 상품평에 따뜻하다는 걸보고 구매했는뎌. 메쉬재질이라 발이 시려울까봐 걱정이예요.
109,평점5,편하고 간지납니다.,편하고 간지납니다.
110,평점5,가볍고 발 편해요~~,가볍고 발 편해요~~
111,평점5,넘 괜찮네요 ㅎㅎ,넘 괜찮네요 ㅎㅎ
112,평점5,"큰오빠 선물로 구입했는데 괜찮네요~
단 앞쪽 고무 코가 좀 걱정되네요~","큰오빠 선물로 구입했는데 괜찮네요~
단 앞쪽 고무 코가 좀 걱정되네요~"
113,평점5,"판매자님!

나이키 제품 잘 받았습니다
착한 가격에 질좋은 제품 감사합니다
많이 파세요ㅡ","판매자님!

나이키 제품 잘 받았습니다
착한 가격에 질좋은 제품 감사합니다
많이 파세요ㅡ"
114,평점5,"가성비 너무너무 좋아요~재구매 예정입니다~
보통 270신는데 이건 275가 딱맞네요","가성비 너무너무 좋아요~재구매 예정입니다~
보통 270신는데 이건 275가 딱맞네요"
115,평점1,"택배가 너~~무 늦게 왔네요
그거 알고는 대체적으로 괜찮네요","택배가 너~~무 늦게 왔네요
그거 알고는 대체적으로 괜찮네요"
116,평점5,선물로 구입했는데 선물 받은분께서 편하고 좋더라구요,선물로 구입했는데 선물 받은분께서 편하고 좋더라구요
117,평점5,"몸무게 감량하려고 구매했습니다.
잘사용중입니다.
감사합니다.","몸무게 감량하려고 구매했습니다.
잘사용중입니다.
감사합니다."
118,평점5,친정 아버지께보내드렸는데 민족하시네요.ㆍ감사합니다,친정 아버지께보내드렸는데 민족하시네요.ㆍ감사합니다
119,평점5,운동화 편하고 이뿌네요배송 감사 합니다~~,운동화 편하고 이뿌네요배송 감사 합니다~~
120,평점5,"이 가격으로 생각하기 어려운 브랜드 디자인 착용감입니다. 구두대신 신으려 검정색 운동화를 신는데, 맵시가 좋습니다.","이 가격으로 생각하기 어려운 브랜드 디자인 착용감입니다. 구두대신 신으려 검정색 운동화를 신는데, 맵시가 좋습니다."
121,평점5,가볍고 따뜻해서 신랑이 만족스런 신발이라고 좋아합니다 가성비 좋아요 앞으로도 좋은 상품 많이 부탁드려요,가볍고 따뜻해서 신랑이 만족스런 신발이라고 좋아합니다 가성비 좋아요 앞으로도 좋은 상품 많이 부탁드려요
122,평점5,"디자인 이쁘고 가볍고 아주 맘에 듭니다
가격도 착하구요
이러면 답 나온거잖아요","디자인 이쁘고 가볍고 아주 맘에 듭니다
가격도 착하구요
이러면 답 나온거잖아요"
123,평점5,"쿠폰 할인 받아 저렴하게 구매했어요~
올 블랙이고 디자인도 깔끔해서 좋아요~","쿠폰 할인 받아 저렴하게 구매했어요~
올 블랙이고 디자인도 깔끔해서 좋아요~"
124,평점5,좋네요 좀 작게나와서 교환한다고 시간이 좀걸렸지만 저렴하게 잘샀어요 신랑이 가볍다고 좋아해요,좋네요 좀 작게나와서 교환한다고 시간이 좀걸렸지만 저렴하게 잘샀어요 신랑이 가볍다고 좋아해요
125,평점5,"생각보다 가격도 저렴하고 이쁘네요 발도
작게 보이고 좋아요~","생각보다 가격도 저렴하고 이쁘네요 발도
작게 보이고 좋아요~"
126,평점5,배송도 빠르고 가격도 저렴하고 좋아요. 사이즈도 잘 맞습니다.,배송도 빠르고 가격도 저렴하고 좋아요. 사이즈도 잘 맞습니다.
127,평점5,"발이편해요 색상이나 디자인도 너무 예쁘네요
감사드립니다","발이편해요 색상이나 디자인도 너무 예쁘네요
감사드립니다"
128,평점5,"디자인도 깔끔하고 올 블랙이라 더 좋아요~
남편이랑 아들꺼 구매했는데..가격대비 괜찮아요~","디자인도 깔끔하고 올 블랙이라 더 좋아요~
남편이랑 아들꺼 구매했는데..가격대비 괜찮아요~"
129,평점5,"착용감 좋아요.
배송 빠르고, 가격 합리적이네요!!
발볼 넓어서 한치수 크게 하길 잘했네요~","착용감 좋아요.
배송 빠르고, 가격 합리적이네요!!
발볼 넓어서 한치수 크게 하길 잘했네요~"
130,평점5,사이즈도 딱 좋아요 가격도 좋고 후회없네요,사이즈도 딱 좋아요 가격도 좋고 후회없네요
131,평점5,가격대비 좋은상품입니다. 착용감도 좋아요.,가격대비 좋은상품입니다. 착용감도 좋아요.
132,평점5,만족함 이쁨 실물이 더 좋아서 기분 좋음ㅋ,만족함 이쁨 실물이 더 좋아서 기분 좋음ㅋ
133,평점5,가성비 좋고 배송도 빠르고 사이즈도 좋고 디자인도 딱 마음에 드는 제품 구매 했네요,가성비 좋고 배송도 빠르고 사이즈도 좋고 디자인도 딱 마음에 드는 제품 구매 했네요
134,평점5,가격대비 완전 좋아요~ 발이 정말 편해요,가격대비 완전 좋아요~ 발이 정말 편해요
135,평점5,가볍고 착용감이 좋아 발이 편안합니다.,가볍고 착용감이 좋아 발이 편안합니다.
136,평점4,디자인도 맘에들고 가격대비 훌륭하네요,디자인도 맘에들고 가격대비 훌륭하네요
137,평점5,저렴하게 잘 샀어요. 올블랙 깔끔합니다,저렴하게 잘 샀어요. 올블랙 깔끔합니다
138,평점5,"저렴하게 잘 샀어요!!
가벼워서 좋대요","저렴하게 잘 샀어요!!
가벼워서 좋대요"
139,평점4,괜찮아요 저렴한 가격에 나쁘지 않음,괜찮아요 저렴한 가격에 나쁘지 않음
140,평점3,신발끈 옆에 크게 오염되어 있는 상품을 받아서 반품 요청했는데 무상으로 교환은 해주는데 교환품은 절대 반품 환불이 안된다고 하네요 이게 맞아요?,신발끈 옆에 크게 오염되어 있는 상품을 받아서 반품 요청했는데 무상으로 교환은 해주는데 교환품은 절대 반품 환불이 안된다고 하네요 이게 맞아요?
141,평점4,완벽하지는 않지만 적당한 제품이 왔어요. 흠이라면 본드가 자국이 좀 묻어있네여.,완벽하지는 않지만 적당한 제품이 왔어요. 흠이라면 본드가 자국이 좀 묻어있네여.
142,평점5,실내 농구용으로 가볍게 신으라고 샀어요. 봄부터 가을까지는 좋을 듯 합니다.,실내 농구용으로 가볍게 신으라고 샀어요. 봄부터 가을까지는 좋을 듯 합니다.
143,평점3,새상품으로 받을줄 알았는데..반품상자에 그대로 담겨 왔네요단순반품이라고 하니까 그냥 신으려구요,새상품으로 받을줄 알았는데..반품상자에 그대로 담겨 왔네요단순반품이라고 하니까 그냥 신으려구요
144,평점5,평소 찾고있는 사이즈라 얼른 주문했어요.편안해 하네요.잘받아습니다.,평소 찾고있는 사이즈라 얼른 주문했어요.편안해 하네요.잘받아습니다.
145,평점4,좁게 나왔다 해서 한사이즈 업했어요.근데 신발끈이 너무 짧네요.,좁게 나왔다 해서 한사이즈 업했어요.근데 신발끈이 너무 짧네요.
146,평점5,동계훈련때 런닝화로 사용할려고 구입 가볍네요 수고하셨습니다,동계훈련때 런닝화로 사용할려고 구입 가볍네요 수고하셨습니다
147,평점5,아주 가볍고 편안합니다.한치수(5mm) 큰 것 선택했더니 딱 맞네요.,아주 가볍고 편안합니다.한치수(5mm) 큰 것 선택했더니 딱 맞네요.
148,평점5,남편 운동할때 신으라고 구매했어요. 가볍고 편하다고 하네요.,남편 운동할때 신으라고 구매했어요. 가볍고 편하다고 하네요.
149,평점5,"사이즈가 너무 크네요.

지인한테 넘기고 재구매 합니다 ㅠ","사이즈가 너무 크네요.

지인한테 넘기고 재구매 합니다 ㅠ"
150,평점5,"발 볼 없는 남자학생, 한싸이즈 크게 주문하는게 맞네요.","발 볼 없는 남자학생, 한싸이즈 크게 주문하는게 맞네요."
151,평점5,아주조아요신기편해요아주조아요,아주조아요신기편해요아주조아요
152,평점4,사이즈작아요 발볼있으신분들은 10사에즈 업해도 될듯?,사이즈작아요 발볼있으신분들은 10사에즈 업해도 될듯?
153,평점5,아직 신겨보지는 못했지만...맘에 들었으면 좋겄네용,아직 신겨보지는 못했지만...맘에 들었으면 좋겄네용
154,평점5,"가볍고 편하다고하네요.
같이운동시작해야 되겠어요","가볍고 편하다고하네요.
같이운동시작해야 되겠어요"
155,평점5,아들신길려고 주문. 가벼고 무난한 디자인.편해요.,아들신길려고 주문. 가벼고 무난한 디자인.편해요.
156,평점4,기체조 운동용으로 구매했는데 정치수보다 발볼좁아 한치수 크게 주문해도 딱 맞아요,기체조 운동용으로 구매했는데 정치수보다 발볼좁아 한치수 크게 주문해도 딱 맞아요
157,평점4,한쪽 앞코 접착부분이 불량이라서 신경쓰이네요.,한쪽 앞코 접착부분이 불량이라서 신경쓰이네요.
158,평점5,아버지 사드렸는데 가벼우셔서 좋다고 하시네요,아버지 사드렸는데 가벼우셔서 좋다고 하시네요
159,평점5,레볼루션5보다 미세하게 작아진 느낌이 들어요.,레볼루션5보다 미세하게 작아진 느낌이 들어요.
160,평점4,반치수정도 크게 주문하세요,반치수정도 크게 주문하세요
161,평점5,배송빠르고 제품도 좋습니다,배송빠르고 제품도 좋습니다
162,평점4,나이키는보통발볼이 좁네요,나이키는보통발볼이 좁네요
163,평점5,신을때마다 뽁뽁소리가나요,신을때마다 뽁뽁소리가나요
164,평점5,사이즈 잘 맞고 좋아합니다,사이즈 잘 맞고 좋아합니다
165,평점4,잘 받았습니다 빨리 왔네요,잘 받았습니다 빨리 왔네요
166,평점5,늘 구입하는 운동화 입니다,늘 구입하는 운동화 입니다
167,평점5,한치수 업하니까 딱 맞아요,한치수 업하니까 딱 맞아요
168,평점4,그냥 그럭저럭 신을만해요,그냥 그럭저럭 신을만해요
169,평점5,크리스마스 선물로 구입함,크리스마스 선물로 구입함
170,평점5,배송도 넘무빠르고 좋네요,배송도 넘무빠르고 좋네요
171,평점5,참 품격이 있고 좋습니다.,참 품격이 있고 좋습니다.
172,평점5,잘받았습니다잘신을께요,잘받았습니다잘신을께요
173,평점3,빠른배송 잘 받았습니다,빠른배송 잘 받았습니다
174,평점5,사이즈가 작게나왔네요.,사이즈가 작게나왔네요.
175,평점5,남편이 잘 신고 있어요~,남편이 잘 신고 있어요~
176,평점4,간편히 신을 수 있어요,간편히 신을 수 있어요
177,평점4,아들 신발입니다..학교다닐때신을 편한신발을 찾았는데 딱이네요..,아들 신발입니다..학교다닐때신을 편한신발을 찾았는데 딱이네요..
178,평점4,발볼이 많이 좁아요,발볼이 많이 좁아요
179,평점5,잘신겠습니다. ㅎㅎ,잘신겠습니다. ㅎㅎ
180,평점5,"우리 아들 발만크나봐요 ㅜㅜ
중 2인데 벌써 290cm
아주변아하고 조으데요~♡♡♡","우리 아들 발만크나봐요 ㅜㅜ
중 2인데 벌써 290cm
아주변아하고 조으데요~♡♡♡"
181,평점5,"ㅈㆍㄷㅇㅅ아요, 때안타고좋을듯","ㅈㆍㄷㅇㅅ아요, 때안타고좋을듯"
182,평점4,무난 무난 합니다.,무난 무난 합니다.
183,평점4,좋아요 좋아요 좋아요 ㅎㅎ,좋아요 좋아요 좋아요 ㅎㅎ
184,평점5,좋아요 좋아요 좋아요~,좋아요 좋아요 좋아요~
185,평점5,좋아요 좋아요 좋아요,좋아요 좋아요 좋아요
186,평점3,좋아요 ㅎㅎ 좋아요 ㅎㅎ 좋아요,좋아요 ㅎㅎ 좋아요 ㅎㅎ 좋아요
187,평점4,아들이 너무 좋아합니다 런닝하기좋게 바닥이 최적화되어있어요 원래 270신는데 약간 끼는느낌이라고..신다보면 늘어날것으로 생각됩니다 디자인 굿이구요!잘샀습니다~잘신을게요!!,아들이 너무 좋아합니다 런닝하기좋게 바닥이 최적화되어있어요 원래 270신는데 약간 끼는느낌이라고..신다보면 늘어날것으로 생각됩니다 디자인 굿이구요!잘샀습니다~잘신을게요!!
188,평점5,배송 도착하자 마자 사용하였는데 넘 가볍고 편해요치수는 260인데 265로 구매했어요 지금 두시간 동안 사용해 본결과 발에 피로감을 잘 느끼는 편인데 좋아요 아들에게도 권해야겠어요 많이 파세요,배송 도착하자 마자 사용하였는데 넘 가볍고 편해요치수는 260인데 265로 구매했어요 지금 두시간 동안 사용해 본결과 발에 피로감을 잘 느끼는 편인데 좋아요 아들에게도 권해야겠어요 많이 파세요
189,평점5,잘 받았습니다 잘 받았습니다,잘 받았습니다 잘 받았습니다
190,평점5,평소 발볼때문에 길이는 남거나 맞더라도 260 265정도 신는데 이건 270으로 주문하니 편하고 딱 좋네요. 가볍기도하고 예상했던 디자인이라 만족합니다.,평소 발볼때문에 길이는 남거나 맞더라도 260 265정도 신는데 이건 270으로 주문하니 편하고 딱 좋네요. 가볍기도하고 예상했던 디자인이라 만족합니다.
191,평점5,발볼이 좁아요.. 디자인은 괜찮은데.. 265 신는데.. 270도 작네요.. 한치수 더 큰걸로 살껄 아쉽네요.. 사이즈를 제외하고는 마음에 듭니다.,발볼이 좁아요.. 디자인은 괜찮은데.. 265 신는데.. 270도 작네요.. 한치수 더 큰걸로 살껄 아쉽네요.. 사이즈를 제외하고는 마음에 듭니다.
192,평점5,배송도빠르고~ 가성비좋은 신발 적극추천합니다~다음에도 기족들거 구매해서 신어야겠네요~ 잘신을께요^^,배송도빠르고~ 가성비좋은 신발 적극추천합니다~다음에도 기족들거 구매해서 신어야겠네요~ 잘신을께요^^
193,평점5,제 것으로 주문해보고 가볍고 편해서 아이 한 번 신어보라고 주문했어요. 아마 아이들은 매일 신으니 빨리 낡겠지만 가성비가 좋아서 만족합니다.,제 것으로 주문해보고 가볍고 편해서 아이 한 번 신어보라고 주문했어요. 아마 아이들은 매일 신으니 빨리 낡겠지만 가성비가 좋아서 만족합니다.
194,평점5,남편이 아주 가볍게 신고 달리기 같이 하고 있어요. 마음에 든다고 하네요 감사합니다~ 많이 파세요,남편이 아주 가볍게 신고 달리기 같이 하고 있어요. 마음에 든다고 하네요 감사합니다~ 많이 파세요
195,평점5,"최고에요. 발볼넓은 신랑 너무 편하게 조깅용으로 신어요
착화감도 좋고. 올블랙이라 스타일나요","최고에요. 발볼넓은 신랑 너무 편하게 조깅용으로 신어요
착화감도 좋고. 올블랙이라 스타일나요"
196,평점5,빨랐고 교환처리도 빨랐어요.발볼이 있으신분들은 한사이즈크게 주문하시는게 좋을거긴ㅌ아요.신발 깔끔하고 이뻐요^^,빨랐고 교환처리도 빨랐어요.발볼이 있으신분들은 한사이즈크게 주문하시는게 좋을거긴ㅌ아요.신발 깔끔하고 이뻐요^^
197,평점4,"나이들어 키가 줄어드는 느낌이라는데 굽이 있어서 덕분에 키가 더 커졌다고좋아해요~ㅋ
쿠션감도좋데요
번창하세요","나이들어 키가 줄어드는 느낌이라는데 굽이 있어서 덕분에 키가 더 커졌다고좋아해요~ㅋ
쿠션감도좋데요
번창하세요"
198,평점4,"빠른배송감사해요
그런데 제가 신발 볼이넗은데 너무 좁아서신기가 힘드네요
하지만 볼이좁은분들은 잡아주는 느낌이 너무좋아요","빠른배송감사해요
그런데 제가 신발 볼이넗은데 너무 좁아서신기가 힘드네요
하지만 볼이좁은분들은 잡아주는 느낌이 너무좋아요"
199,평점5,"세일할 때 가격대비 신발이 튼튼싼 것 같아요.
비슷한 디자인 2번째 구매 만족해요.
아주추운 겨울에는 발이 시려요.","세일할 때 가격대비 신발이 튼튼싼 것 같아요.
비슷한 디자인 2번째 구매 만족해요.
아주추운 겨울에는 발이 시려요."
200,평점5,"최고입니다 다른 색상으로 하나 더 구매하고 싶을 정도네요~
가볍고 쿠션도 좋고 편안합니다","최고입니다 다른 색상으로 하나 더 구매하고 싶을 정도네요~
가볍고 쿠션도 좋고 편안합니다"
201,평점5,와우 신발이쁘고 잘샀습니다 대박 만족! 치수는 10크게,와우 신발이쁘고 잘샀습니다 대박 만족! 치수는 10크게
202,평점5,가볍고 좋아요 싸게샀는데 정품으로 믿고 구매합니다,가볍고 좋아요 싸게샀는데 정품으로 믿고 구매합니다
203,평점5,가볍고 조깅하기 좋을거 같아요 저렴하게 잘 구매함,가볍고 조깅하기 좋을거 같아요 저렴하게 잘 구매함
204,평점5,뛸때도 발이 편하고 한몸이 된 것처럼 좋아하네요,뛸때도 발이 편하고 한몸이 된 것처럼 좋아하네요
205,평점5,빠른배송 시증보다 저렴하게 샀네요 신발이뻐요,빠른배송 시증보다 저렴하게 샀네요 신발이뻐요
206,평점5,편하고 핏도 예쁘네요 운동할때신으려고 구입,편하고 핏도 예쁘네요 운동할때신으려고 구입
207,평점5,"가볍고 편해요.
사이즈도 딱 좋고 만족 합니다!!","가볍고 편해요.
사이즈도 딱 좋고 만족 합니다!!"
208,평점5,자주 이용하고 있습니다~배송 빠르고 좋아요~^^,자주 이용하고 있습니다~배송 빠르고 좋아요~^^
209,평점5,디자인 깔끔해요~ 생각한거 보다 더 이뿌네요!,디자인 깔끔해요~ 생각한거 보다 더 이뿌네요!
210,평점5,가볍고 신고 다니기 편해서 마음에 쏙 드네요,가볍고 신고 다니기 편해서 마음에 쏙 드네요
211,평점5,"생각보다 괜찮습니다
저렴하게 잘 구입했네요","생각보다 괜찮습니다
저렴하게 잘 구입했네요"
212,평점5,"헬스 다닐때 신으려고 샀는데 저렴하게 잘 산것 같아요 ㅎㅎㅎ
가볍고 너무 좋습니다","헬스 다닐때 신으려고 샀는데 저렴하게 잘 산것 같아요 ㅎㅎㅎ
가볍고 너무 좋습니다"
213,평점5,색이 올블랙이라 출퇴근용으로 딱 좋습니다,색이 올블랙이라 출퇴근용으로 딱 좋습니다
214,평점5,저렴한가격에 좋은 품질 너무잘샀네요 굿굿,저렴한가격에 좋은 품질 너무잘샀네요 굿굿
215,평점5,레볼루션 5보다 살짝 작아요~~^^ 가성비 짱ㅎ,레볼루션 5보다 살짝 작아요~~^^ 가성비 짱ㅎ
216,평점5,이쁘내요 발바닥ㅇ아주 푹신한건아니군요,이쁘내요 발바닥ㅇ아주 푹신한건아니군요
217,평점5,디자인도 이쁘고 가볍고 가성비 최고에요.,디자인도 이쁘고 가볍고 가성비 최고에요.
218,평점5,가볍고 진짜편합니다 265신는데 이건 좀작아서 270으로 교환했습니다 교환도 다음날 바로 배송해주시고 빠른처리 넘 좋았습니다,가볍고 진짜편합니다 265신는데 이건 좀작아서 270으로 교환했습니다 교환도 다음날 바로 배송해주시고 빠른처리 넘 좋았습니다
219,평점5,사이즈 잘 맞고 좋아요. 저렴히 잘 샀어요,사이즈 잘 맞고 좋아요. 저렴히 잘 샀어요
220,평점4,색깔도 디자인모두매우만족합니다,색깔도 디자인모두매우만족합니다
221,평점5,편하고 가볍고 걸을때 발이 편해요,편하고 가볍고 걸을때 발이 편해요
222,평점5,저렴한 가격에 잘산거 같아 좋아요,저렴한 가격에 잘산거 같아 좋아요
223,평점5,세일로 저렴하게 구매해서 좋아요.,세일로 저렴하게 구매해서 좋아요.
224,평점5,올블랙이라 좋아요 가볍고 편해요,올블랙이라 좋아요 가볍고 편해요
225,평점4,무난하고 이뻐요 가벼워서 좋네요,무난하고 이뻐요 가벼워서 좋네요
226,평점4,"편하고 가격도 착합니다
잘 샀어요","편하고 가격도 착합니다
잘 샀어요"
227,평점4,"만족스럽습니다
가볍고 편하네요!","만족스럽습니다
가볍고 편하네요!"
228,평점5,좋아요 배송도 상품도. 좋습니다.,좋아요 배송도 상품도. 좋습니다.
229,평점5,편안하고 좋습니다~가성비좋아요,편안하고 좋습니다~가성비좋아요
230,평점5,신발 가격 착하고 디자인 좋아요,신발 가격 착하고 디자인 좋아요
231,평점5,맘에 들어요 사이즈도 딱 맞고요,맘에 들어요 사이즈도 딱 맞고요
232,평점5,가볍고 편해요..저렴하게 샀네요,가볍고 편해요..저렴하게 샀네요
233,평점5,가볍고 사이즈도 맞네요~ 좋아요,가볍고 사이즈도 맞네요~ 좋아요
234,평점4,가볍고 편하네요 막신기 좋아요,가볍고 편하네요 막신기 좋아요
235,평점5,싸게 잘샀네요 너무 만족합니다,싸게 잘샀네요 너무 만족합니다
236,평점5,가성비 최고죠. 가볍고 좋아요.,가성비 최고죠. 가볍고 좋아요.
237,평점5,할인받아서 저렴하게 잘샀어요~,할인받아서 저렴하게 잘샀어요~
238,평점5,빠르고 디자인도 이쁘고 좋아요,빠르고 디자인도 이쁘고 좋아요
239,평점5,괜찮은것 같아요~~ 맘에 드네요,괜찮은것 같아요~~ 맘에 드네요
240,평점5,발쿠션도편하고 만족해요,발쿠션도편하고 만족해요
241,평점5,"정사이즈에요 발에 딱 맞네요
나이키 명성에 답게 보급라인도 편안하고 좋네요
배송도 하루만에 왔어요 상품도 정품 나이키 제품이고 좋네요","정사이즈에요 발에 딱 맞네요
나이키 명성에 답게 보급라인도 편안하고 좋네요
배송도 하루만에 왔어요 상품도 정품 나이키 제품이고 좋네요"
242,평점5,신발이가볍고만족합니다,신발이가볍고만족합니다
243,평점5,너무 좋아요 감사합니다,너무 좋아요 감사합니다
244,평점5,맘에드내요 감사합니다,맘에드내요 감사합니다
245,평점5,가격저렴하고 좋아요~~~,가격저렴하고 좋아요~~~
246,평점5,싸게잘샀네요만족해요,싸게잘샀네요만족해요
247,평점5,좋아요 감사합니다~~~~,좋아요 감사합니다~~~~
248,평점5,만족합니다 별 다섯개,만족합니다 별 다섯개
249,평점5,굿 좋아요 감사합니다,굿 좋아요 감사합니다
250,평점5,가격 대비 잘샀어요~~,가격 대비 잘샀어요~~
251,평점4,저렴하게 잘 샀어요.,저렴하게 잘 샀어요.
252,평점5,싸게 잘 샀어요...,싸게 잘 샀어요...
253,평점5,좋습니다좋습니다좋습니다,좋습니다좋습니다좋습니다
254,평점5,발이너무나 편해요 어쩜이리발이 편한지 감동입니다 신고 뛰어나갑니다ㅎㅎ,발이너무나 편해요 어쩜이리발이 편한지 감동입니다 신고 뛰어나갑니다ㅎㅎ
255,평점5,한 사이즈업 하니 딱 맞고 너무 좋아요!! 가볍고 너무 편해요!!,한 사이즈업 하니 딱 맞고 너무 좋아요!! 가볍고 너무 편해요!!
256,평점5,좋은 가격에 잘 구매했습니다. 운동용으로 구매했습니다 싸서 막 신ㄱ 좋아요 큰 기능성을 기대할 수는 없지만 잘 신겠습닏나,좋은 가격에 잘 구매했습니다. 운동용으로 구매했습니다 싸서 막 신ㄱ 좋아요 큰 기능성을 기대할 수는 없지만 잘 신겠습닏나
257,평점4,"발볼이 좁아서 신기에 불편해요.
한 사이즈 크게 샀는데 두사이즈 크게 신으면 괜찮을 것 같아요","발볼이 좁아서 신기에 불편해요.
한 사이즈 크게 샀는데 두사이즈 크게 신으면 괜찮을 것 같아요"
258,평점5,운동하기에 적당하고 가격도 적당해서 좋내요,운동하기에 적당하고 가격도 적당해서 좋내요
259,평점5,사이즈도 좋고 착화감도 좋고 마감도 깔끔해서 맘에 듭니다. 잘신을께요,사이즈도 좋고 착화감도 좋고 마감도 깔끔해서 맘에 듭니다. 잘신을께요
260,평점5,가볍고 편합니다 저렴하게 잘 구입합니다,가볍고 편합니다 저렴하게 잘 구입합니다
261,평점5,좋아요 좋아요 잘받았어요,좋아요 좋아요 잘받았어요
262,평점5,감사합니다 만족합니다,감사합니다 만족합니다
263,평점5,괜찮아요 쓸만해요 괜찮아요,괜찮아요 쓸만해요 괜찮아요
264,평점5,편하고 좋아요 좋아요,편하고 좋아요 좋아요
265,평점5,맘에들어요 맘에들어요,맘에들어요 맘에들어요
266,평점5,좋아요~~좋아요~~,좋아요~~좋아요~~
267,평점5,감사합니다 감사합니다!,감사합니다 감사합니다!
268,평점5,좋아요 좋아요 ㅎㅎㅎㅎ,좋아요 좋아요 ㅎㅎㅎㅎ
269,평점5,"사이즈가 작게 나왔다는 걸 구매 후 다른 사이트 통해 알게 되어 걱정했는데, 다행히 잘 맞아요^^아직은 신발 신을 때 입구가 뻑뻑해서 신기가 다소 힘들지만 계속 신으몀 편해지겠죠^^","사이즈가 작게 나왔다는 걸 구매 후 다른 사이트 통해 알게 되어 걱정했는데, 다행히 잘 맞아요^^아직은 신발 신을 때 입구가 뻑뻑해서 신기가 다소 힘들지만 계속 신으몀 편해지겠죠^^"
270,평점5,러닝을 좋아라해서 3개월정도밖에 못신습니다. 페가수스만 신다가 가격이 부담스러워 바꿔봤는데 디자인은 예쁘다고 할수없지만 운동용으론 충분해보입니다. 나이키포스는 265신는데 이 제품 270이 잘 맞습니다.,러닝을 좋아라해서 3개월정도밖에 못신습니다. 페가수스만 신다가 가격이 부담스러워 바꿔봤는데 디자인은 예쁘다고 할수없지만 운동용으론 충분해보입니다. 나이키포스는 265신는데 이 제품 270이 잘 맞습니다.
271,평점5,"처음에는 별기대없었어요~
가격대비 품질으뜸입니다
사이즈도 완전맞춤
배송시간도 적절하구 담에두 꼭 주문하겠습니다 포장상태 최상위
내주위에 지인들에게 광고하면서 다립니다
가격이 이게 정말맞는가 싶었어요","처음에는 별기대없었어요~
가격대비 품질으뜸입니다
사이즈도 완전맞춤
배송시간도 적절하구 담에두 꼭 주문하겠습니다 포장상태 최상위
내주위에 지인들에게 광고하면서 다립니다
가격이 이게 정말맞는가 싶었어요"
272,평점1,"박스가 구겨져 오는것까지는 이해하지만
상자여는데 신발감싸는 종이도 없고
택도 없고 어이도 없네요 진열상품 보내셧나....
사이즈 맞아서 신랑이 그냥 신긴하는데 이렇게 파는건 아닌거 같네요 배송도 느립니다","박스가 구겨져 오는것까지는 이해하지만
상자여는데 신발감싸는 종이도 없고
택도 없고 어이도 없네요 진열상품 보내셧나....
사이즈 맞아서 신랑이 그냥 신긴하는데 이렇게 파는건 아닌거 같네요 배송도 느립니다"
273,평점3,"평상시보다 5미리 큰걸로 주문해서 왔는데 그런데도 야간작은 듯 ,신다보면 늘어나겠지 생각하고 신었는데 하루신고 신발장에 쳐박힘 발가락이 너무아파 처다보기도 싫음","평상시보다 5미리 큰걸로 주문해서 왔는데 그런데도 야간작은 듯 ,신다보면 늘어나겠지 생각하고 신었는데 하루신고 신발장에 쳐박힘 발가락이 너무아파 처다보기도 싫음"
274,평점5,"신발편하고 대신 처음신을때 적응좀 필요해요
평소에 잘뛰던 저는 상관없지만 안뛰다가 뛰시는분은 뒷꿈치가 좀 까치거나할거같아요
신발자체는 좋습니다","신발편하고 대신 처음신을때 적응좀 필요해요
평소에 잘뛰던 저는 상관없지만 안뛰다가 뛰시는분은 뒷꿈치가 좀 까치거나할거같아요
신발자체는 좋습니다"
275,평점5,"문의내역엔 정사이즈로 나왔다고 하고
따로 찾아봤을땐 사람들이 사이즈가 작게 나왔다고 해서
한치수 높여서 구매했는데 그래도 발이 좀 끼네요 ㅠ
러닝이나 등산 등등 운동을 하면 발볼쪽이 쓸립니다
사이즈 말곤 좋아요..","문의내역엔 정사이즈로 나왔다고 하고
따로 찾아봤을땐 사람들이 사이즈가 작게 나왔다고 해서
한치수 높여서 구매했는데 그래도 발이 좀 끼네요 ㅠ
러닝이나 등산 등등 운동을 하면 발볼쪽이 쓸립니다
사이즈 말곤 좋아요.."
276,평점5,발볼이 매우 좁게 나와서 한사이즈 업했어요. 칼발이신분들은 그대로 주문해도 되지 않을까 생각해요. 가볍고 예쁘네요,발볼이 매우 좁게 나와서 한사이즈 업했어요. 칼발이신분들은 그대로 주문해도 되지 않을까 생각해요. 가볍고 예쁘네요
277,평점5,동생이 다이어트 후 발도 작아져서 작은 사이즈 신청했다가 작아서 다시 교환했어요. 번거로울줄 알았는데 교환도 신속했고요. 신었을때 너무 가볍다고 동생이 아주 만족하니 좋습니다.,동생이 다이어트 후 발도 작아져서 작은 사이즈 신청했다가 작아서 다시 교환했어요. 번거로울줄 알았는데 교환도 신속했고요. 신었을때 너무 가볍다고 동생이 아주 만족하니 좋습니다.
278,평점5,"남편 신발로 구입했는데...너무 속상하네요.
편안하고 엄청 예뻤는데 하루 신고 나가서 골프연습장에 잠깐 벗어 놨는데 누가 훔쳐 갔어요. 그래서 오늘 다른 나이키 한켤레 더 구입했습니다.","남편 신발로 구입했는데...너무 속상하네요.
편안하고 엄청 예뻤는데 하루 신고 나가서 골프연습장에 잠깐 벗어 놨는데 누가 훔쳐 갔어요. 그래서 오늘 다른 나이키 한켤레 더 구입했습니다."
279,평점5,"발등이 높고 발볼이 좀 있는 275 신는데 작게 나왔다는 말에 한사이즈 업했습니다
다행히 편하게 잘 맞습니다
앞으로 이 신발은 280으러 정착하면 될 것 같아요","발등이 높고 발볼이 좀 있는 275 신는데 작게 나왔다는 말에 한사이즈 업했습니다
다행히 편하게 잘 맞습니다
앞으로 이 신발은 280으러 정착하면 될 것 같아요"
280,평점5,아들이 갖고싶어해서 샀네요~ 사이즈미스로 교환했는데 빠른 처리로 잘받았네요~ 깔창이 살짝 높이가 있어서 얇은 걸로 교체해서 잘신고 있어요~,아들이 갖고싶어해서 샀네요~ 사이즈미스로 교환했는데 빠른 처리로 잘받았네요~ 깔창이 살짝 높이가 있어서 얇은 걸로 교체해서 잘신고 있어요~
281,평점5,"배송도 빠르고. 제품도 맘에 들고.

지저분해지는거 신경 덜써도 되고 좋습니다.","배송도 빠르고. 제품도 맘에 들고.

지저분해지는거 신경 덜써도 되고 좋습니다."
282,평점5,"발볼이 넓은편이라
앞코가 낀다고하는데 며칠신으면 좋아지겠죠
맘에들어합니다","발볼이 넓은편이라
앞코가 낀다고하는데 며칠신으면 좋아지겠죠
맘에들어합니다"
283,평점4,조금 작은감이있어요 ㅠ ㅠ 다른 상품보다 작게 나온거같네요 착화감은 좋아요,조금 작은감이있어요 ㅠ ㅠ 다른 상품보다 작게 나온거같네요 착화감은 좋아요
284,평점5,"엄청 빨리 배송되고 포장도 안전하고 깔끔하게 왔습니다.
신발도 가볍고 좋네요","엄청 빨리 배송되고 포장도 안전하고 깔끔하게 왔습니다.
신발도 가볍고 좋네요"
285,평점5,발볼 넓은 아들에게 딱이라 운동할때 신게 두켤레 구입했어요. 가볍고 편해요,발볼 넓은 아들에게 딱이라 운동할때 신게 두켤레 구입했어요. 가볍고 편해요
286,평점5,270 주문했다가 280으로 다시 주문합니다.반품비에 손해가 이만저만이 아니네요.신발은 괜찮은것 같아요.,270 주문했다가 280으로 다시 주문합니다.반품비에 손해가 이만저만이 아니네요.신발은 괜찮은것 같아요.
287,평점5,초딩아들 막신는 용도로 구매했어요 발이 넘 빨리커서 ㅠ살짝 큰데 괜찮아요,초딩아들 막신는 용도로 구매했어요 발이 넘 빨리커서 ㅠ살짝 큰데 괜찮아요
288,평점5,가볍고 좋습니다 사이즈가 조금 작게 나온듯 하긴 합니다 신에 따라서 255도 신기는 하는데 260이 딱 맞네요,가볍고 좋습니다 사이즈가 조금 작게 나온듯 하긴 합니다 신에 따라서 255도 신기는 하는데 260이 딱 맞네요
289,평점5,"나이키 신발이라 발볼이 조금 타이트하긴 하지만, 착화감 자체는 좋습니다:)","나이키 신발이라 발볼이 조금 타이트하긴 하지만, 착화감 자체는 좋습니다:)"
290,평점5,운동화 요즘 조금 타이트하게 나온다고해서 270mm 주문 편하고 좋아요 ㅎㅎ,운동화 요즘 조금 타이트하게 나온다고해서 270mm 주문 편하고 좋아요 ㅎㅎ
291,평점3,상품을 받아보니까 생각보다는 별로고 선물용으로 샀는데 잘 모르겠네요.,상품을 받아보니까 생각보다는 별로고 선물용으로 샀는데 잘 모르겠네요.
292,평점5,"저렴한 가격에 감사합니다.
사이즈가 작아서 추가 교환하여 받았습니다.
한치수 무조건 크게 주문하세요.","저렴한 가격에 감사합니다.
사이즈가 작아서 추가 교환하여 받았습니다.
한치수 무조건 크게 주문하세요."
293,평점5,"중딩 아들 평소 255 신는데 260 주문하니 딱이네요
체육시간에 편하게 신으라고 사줬더니 만족해하네요","중딩 아들 평소 255 신는데 260 주문하니 딱이네요
체육시간에 편하게 신으라고 사줬더니 만족해하네요"
294,평점5,"가볍고 착화감 좋습니다~
발볼 넓으신분들은 꼭 한치수 크게 주문하세요~","가볍고 착화감 좋습니다~
발볼 넓으신분들은 꼭 한치수 크게 주문하세요~"
295,평점5,가볍고 편해요.사이즈 작게나왔다해서 한치수 크게 샀더니 딱 맞습니다.,가볍고 편해요.사이즈 작게나왔다해서 한치수 크게 샀더니 딱 맞습니다.
296,평점5,사이즈 없어서 한치수 크게 주문했는데 나쁘지 않아요 작은것보다 나은,사이즈 없어서 한치수 크게 주문했는데 나쁘지 않아요 작은것보다 나은
297,평점5,사이즈가 작아서 한치수큰걸로 교환했더니 잘 맞아요.품질은 좋슴니다,사이즈가 작아서 한치수큰걸로 교환했더니 잘 맞아요.품질은 좋슴니다
298,평점5,운동화는 좋아요. 근데 눈이 와서 못 신고 계속 신발장에 있어요.ㅠ.ㅠ 겨울에 신기엔 좀 발 시려울 거 같아요.,운동화는 좋아요. 근데 눈이 와서 못 신고 계속 신발장에 있어요.ㅠ.ㅠ 겨울에 신기엔 좀 발 시려울 거 같아요.
299,평점5,"평소에 270-275인데 발볼이 넓은 편이어서 작게
나왔다는 리뷰 보고 280으로 주문했더니 편하게 딱 맞아요!
가볍고 좋아요!","평소에 270-275인데 발볼이 넓은 편이어서 작게
나왔다는 리뷰 보고 280으로 주문했더니 편하게 딱 맞아요!
가볍고 좋아요!"
300,평점4,한사이즈 크게 주문했는데 발볼이 넓어서 조금 아프다하네요,한사이즈 크게 주문했는데 발볼이 넓어서 조금 아프다하네요
301,평점5,"바닥이 좀 싼티가 나는듯한데
그래도 모양이 대체로 괜춘해요","바닥이 좀 싼티가 나는듯한데
그래도 모양이 대체로 괜춘해요"
302,평점5,가격은 엄청 저렴하게 샀는데 푹신하지 않아서 안신어요ㅠㅜ,가격은 엄청 저렴하게 샀는데 푹신하지 않아서 안신어요ㅠㅜ
303,평점5,"제것 하나 사고
아들것도 샀는데, 가볍고 신고나면 좋은데
신을적에 볼이 좁게 나오다보니, 신기 편하진않네요
하지만 신고나면 세상 가볍습니다.","제것 하나 사고
아들것도 샀는데, 가볍고 신고나면 좋은데
신을적에 볼이 좁게 나오다보니, 신기 편하진않네요
하지만 신고나면 세상 가볍습니다."
304,평점5,한치수 크게 주문 하시면 될 것 같아요 . 신발은 정말 이뻐요,한치수 크게 주문 하시면 될 것 같아요 . 신발은 정말 이뻐요
305,평점5,"동네에서 운동할 때 편하게 신는다고 주문했는데
만족합니다","동네에서 운동할 때 편하게 신는다고 주문했는데
만족합니다"
306,평점4,펀하게 신으실 수 있도록 부모님 사드렸는데 만족 하십니다.,펀하게 신으실 수 있도록 부모님 사드렸는데 만족 하십니다.
307,평점5,한사이즈 크게사서 발볼이 좀 넓은 편인데 편하고 좋습니다,한사이즈 크게사서 발볼이 좀 넓은 편인데 편하고 좋습니다
308,평점4,축구를좋아하는 아들 신발이자주 망가져요편하고 가볍대요,축구를좋아하는 아들 신발이자주 망가져요편하고 가볍대요
309,평점5,아이가 맘에 들어합니다~~ 가볍고 발이 편하다고 하네요~~^^,아이가 맘에 들어합니다~~ 가볍고 발이 편하다고 하네요~~^^
310,평점5,선물을 줬더니 좋아해요...신체 사이즈 정보는 달라요...;;;;,선물을 줬더니 좋아해요...신체 사이즈 정보는 달라요...;;;;
311,평점4,"나이키 280늘 신는 사람인데
약간 빡빡해요
디자인은 이뻐요","나이키 280늘 신는 사람인데
약간 빡빡해요
디자인은 이뻐요"
312,평점5,"도착해서 운동하면서 바로 착용했는데
편하고 아주 좋아요","도착해서 운동하면서 바로 착용했는데
편하고 아주 좋아요"
313,평점4,정싸이즈보단 조금 작은듯...외관도 깨끗하고 발도 편해요,정싸이즈보단 조금 작은듯...외관도 깨끗하고 발도 편해요
314,평점5,"정사이즈라 발이 편하고
검정이라 때도 잘 안타고
좋습니다","정사이즈라 발이 편하고
검정이라 때도 잘 안타고
좋습니다"
315,평점5,빠른배송 잘받았습니다~~디자인 이쁘고 편한운동화에요~~,빠른배송 잘받았습니다~~디자인 이쁘고 편한운동화에요~~
316,평점5,발볼이 넓은데 신기가 편할거 같아요~ 금액도 착하구요~^,발볼이 넓은데 신기가 편할거 같아요~ 금액도 착하구요~^
317,평점5,"빠른배송 잘받았습니다.
한.두치수 업하는걸 추천드려요","빠른배송 잘받았습니다.
한.두치수 업하는걸 추천드려요"
318,평점4,쿠션감은 보통이고 발볼이 좁은편인데도 넉넉하지않아요,쿠션감은 보통이고 발볼이 좁은편인데도 넉넉하지않아요
319,평점5,저는 학회에 참석해서 검정색으로 샀는데 괜찮았습니다.,저는 학회에 참석해서 검정색으로 샀는데 괜찮았습니다.
320,평점5,"발볼넓은데 잘맞구요
슬림해보이구
가벼워서 좋아요","발볼넓은데 잘맞구요
슬림해보이구
가벼워서 좋아요"
321,평점5,"생각보다 사이즈는 작게 나온 느낌
착용감은 편해요","생각보다 사이즈는 작게 나온 느낌
착용감은 편해요"
322,평점5,"선물용으로 구매했늠데
편하게 신기 좋다네요 ㅎㅎ","선물용으로 구매했늠데
편하게 신기 좋다네요 ㅎㅎ"
323,평점5,"배송도 빠르고.이중포장에 안전하게 잘 도착했슴니다.
나이키정품을 싼값에 잘 구매했습니다
만족합니다~","배송도 빠르고.이중포장에 안전하게 잘 도착했슴니다.
나이키정품을 싼값에 잘 구매했습니다
만족합니다~"
324,평점5,"제품 굿
배송도 빠르립니다
다만 정사이즈보다 한칫수 크게 구매하는것을 추천합니다.","제품 굿
배송도 빠르립니다
다만 정사이즈보다 한칫수 크게 구매하는것을 추천합니다."
325,평점5,역시 좋아요 나이키는 언제나 좋은 선택 가벼워요,역시 좋아요 나이키는 언제나 좋은 선택 가벼워요
326,평점5,"신발 무지 가볍고 편해요
소재가 신축성도 좋아요","신발 무지 가볍고 편해요
소재가 신축성도 좋아요"
327,평점5,운동할때 신을려고 주문했는데 가볍고 좋습니다.,운동할때 신을려고 주문했는데 가볍고 좋습니다.
328,평점5,가격대비 훌륭하고 너무 가벼워 헬스로 짱입니당,가격대비 훌륭하고 너무 가벼워 헬스로 짱입니당
329,평점5,"적당한 포장에 빠른 배송
상품은 가볍고 편합니다.","적당한 포장에 빠른 배송
상품은 가볍고 편합니다."
330,평점5,몇일전 나이키 매장에서 운동화 샀는데 너무 편해서 아들 보여줬더니 맘에 들어하기에 11번가에서 아들 운동화도 구매했습니다. 매장보다 18000원 저렴하네요.,몇일전 나이키 매장에서 운동화 샀는데 너무 편해서 아들 보여줬더니 맘에 들어하기에 11번가에서 아들 운동화도 구매했습니다. 매장보다 18000원 저렴하네요.
331,평점5,"나이키.. 품질은 훌륭합니다.
사이즈는 좀 딱 끼는 느낌입니다..
참고하셔서 주문하세요.","나이키.. 품질은 훌륭합니다.
사이즈는 좀 딱 끼는 느낌입니다..
참고하셔서 주문하세요."
332,평점5,발볼이넓은편인데 이건 넉넉하니 편하고 좋네요,발볼이넓은편인데 이건 넉넉하니 편하고 좋네요
333,평점4,"신발이 편해요.
헬스장에서 신을려고 구입했어요","신발이 편해요.
헬스장에서 신을려고 구입했어요"
334,평점5,"빠른 배송과 착한 가격.
선물했는데 너무 좋아함","빠른 배송과 착한 가격.
선물했는데 너무 좋아함"
335,평점5,한칫수 크게 주문했더니 잘 맞고 신발도 이뻐요,한칫수 크게 주문했더니 잘 맞고 신발도 이뻐요
336,평점4,볼이 넓은 편이어서 착용감이 조금 불편했어요,볼이 넓은 편이어서 착용감이 조금 불편했어요
337,평점5,가볍고 좋아요. 끈주위가 고정?되어있는식이여서 끈을 풀어도 볼이 넓어지진않아요,가볍고 좋아요. 끈주위가 고정?되어있는식이여서 끈을 풀어도 볼이 넓어지진않아요
338,평점5,누가 신은 흔적이 있네요 기분 안좋네요 반품된거면 밑바닥이라도 닦아서 보내시지..,누가 신은 흔적이 있네요 기분 안좋네요 반품된거면 밑바닥이라도 닦아서 보내시지..
339,평점5,발볼이 좁은 듯 하지만 편하게 신을 수 있어요.,발볼이 좁은 듯 하지만 편하게 신을 수 있어요.
340,평점5,저렴한 가격에 나이키 슈즈 잘 신고 있어요,저렴한 가격에 나이키 슈즈 잘 신고 있어요
341,평점5,선물용으로 샀는데 저렴하게 잘 샀습니다,선물용으로 샀는데 저렴하게 잘 샀습니다
342,평점5,가볍고 디자인이 멋있어 매일 신고 다녀요,가볍고 디자인이 멋있어 매일 신고 다녀요
343,평점5,가볍고 디자인이 이뻐서 마음에 듭니다ㆍ,가볍고 디자인이 이뻐서 마음에 듭니다ㆍ
344,평점5,선물했는데 가볍고편하다고 좋아하셨어요,선물했는데 가볍고편하다고 좋아하셨어요
345,평점5,"화면에 보는것과 같고, 편해서 너무좋네요","화면에 보는것과 같고, 편해서 너무좋네요"
346,평점4,"쿠션감이좀떨어지지만.괜찮데요,남편이~~","쿠션감이좀떨어지지만.괜찮데요,남편이~~"
347,평점5,배송도 빠르고 자주이용하고 있습니다~^^,배송도 빠르고 자주이용하고 있습니다~^^
348,평점5,가볍고 탄력이 좋아요 너무나도 편해요.,가볍고 탄력이 좋아요 너무나도 편해요.
349,평점5,조카한테 선물해줬는데..좋아하네요~~~~^^,조카한테 선물해줬는데..좋아하네요~~~~^^
350,평점5,볼이 좀 좁게 나온것빼곤 편하고 이뻐요,볼이 좀 좁게 나온것빼곤 편하고 이뻐요
351,평점5,"신으니까 너무 예쁘네요
편하다고 해요^^","신으니까 너무 예쁘네요
편하다고 해요^^"
352,평점5,"아들 사줬네요~~~
잘맞고 가볍고 좋아요~~","아들 사줬네요~~~
잘맞고 가볍고 좋아요~~"
353,평점3,발볼이 많이 작아서 조금은 불편합니다.,발볼이 많이 작아서 조금은 불편합니다.
354,평점4,"가볍고 편안함
런닝용으로 구입. 만족함","가볍고 편안함
런닝용으로 구입. 만족함"
355,평점5,남자아이 짧게 막신기 괜찮은것 같아요.,남자아이 짧게 막신기 괜찮은것 같아요.
356,평점5,신발 가볍고 발도 편한 중저가용입니다,신발 가볍고 발도 편한 중저가용입니다
357,평점5,남편이 마음에 들어해요 배송도 빨라요,남편이 마음에 들어해요 배송도 빨라요
358,평점5,배송 빠르고 신어보니 가볍고 좋습니다,배송 빠르고 신어보니 가볍고 좋습니다
359,평점5,저렴하게 잘 구입해서 잘 사용중입니다,저렴하게 잘 구입해서 잘 사용중입니다
360,평점5,"가성비 짱이예요.
하나더 구입했어요.","가성비 짱이예요.
하나더 구입했어요."
361,평점5,포장도 꼼꼼 제품질도 좋아보이네요,포장도 꼼꼼 제품질도 좋아보이네요
362,평점5,이쁘네요 근데 사이즈가 좀작은듯요,이쁘네요 근데 사이즈가 좀작은듯요
363,평점5,운동할때 편하게 신을수잇어 좋아요,운동할때 편하게 신을수잇어 좋아요
364,평점5,동생선물 이였는데 아주 좋아하네요,동생선물 이였는데 아주 좋아하네요
365,평점5,사이즈도 잘 맞고 착화감이 좋네요.,사이즈도 잘 맞고 착화감이 좋네요.
366,평점5,"발이 그리편하진않아요

발바닥 아픔","발이 그리편하진않아요

발바닥 아픔"
367,평점5,배송도 빠르고 아주 마음에 듭니다.,배송도 빠르고 아주 마음에 듭니다.
368,평점4,잘신고있읍니다.착용감도조으네요.,잘신고있읍니다.착용감도조으네요.
369,평점4,저렴한 가격에 잘 구매한듯 합니다,저렴한 가격에 잘 구매한듯 합니다
370,평점4,가볍고 좋습니다! 배송도 빨랐어요!,가볍고 좋습니다! 배송도 빨랐어요!
371,평점5,편하고 좋아요 저렴하거 잘삿어요,편하고 좋아요 저렴하거 잘삿어요
372,평점4,"가벼워서 걷거나 조강할 때
좋아요","가벼워서 걷거나 조강할 때
좋아요"
373,평점5,아버지가 무지 맘에 들어하시네요~,아버지가 무지 맘에 들어하시네요~
374,평점3,좀 작은거같아요 발가락이 아파요,좀 작은거같아요 발가락이 아파요
375,평점5,좋은제품 감사합니다 잘신을께요~~,좋은제품 감사합니다 잘신을께요~~
376,평점4,깔끔하고 가격대비 우수합니다 ~굿,깔끔하고 가격대비 우수합니다 ~굿
377,평점5,편하고 가벼워서 운동할 때 편해요,편하고 가벼워서 운동할 때 편해요
378,평점4,다 좋은데 볼이 생각보다 좁았어요,다 좋은데 볼이 생각보다 좁았어요
379,평점5,좋은제품 저렴하게 잘 구매했어요,좋은제품 저렴하게 잘 구매했어요
380,평점5,가볍고 좋으네요. 배송도 빠르고,가볍고 좋으네요. 배송도 빠르고
381,평점5,배송도 빠르고 디자인도 좋네요.,배송도 빠르고 디자인도 좋네요.
382,평점3,신발이 너무 가볍고 편안합니다.,신발이 너무 가볍고 편안합니다.
383,평점5,"새로운신발로이탈해모았습니다
이이탈이만족해서또다른세계로가게되어감사합니다","새로운신발로이탈해모았습니다
이이탈이만족해서또다른세계로가게되어감사합니다"
384,평점5,남편 사줬는데 매우 만족합니다,남편 사줬는데 매우 만족합니다
385,평점5,맘에들어요 배송은 좀 늦었지만,맘에들어요 배송은 좀 늦었지만
386,평점4,조깅때 신으려고 샀어요 좋아요,조깅때 신으려고 샀어요 좋아요
387,평점5,기격대비 가성비 엄청 좋습니다,기격대비 가성비 엄청 좋습니다
388,평점4,가성비가 좋고 배송이 빠릅니다,가성비가 좋고 배송이 빠릅니다
389,평점5,빠르게 잘받았어요 맘에 듭니다,빠르게 잘받았어요 맘에 듭니다
390,평점5,가격 저렴하게 잘 구입했네요~~~,가격 저렴하게 잘 구입했네요~~~
391,평점5,저렴한가격에형꺼랑같이주무요,저렴한가격에형꺼랑같이주무요
392,평점5,발볼 넓은 남편은 불편해하네요,발볼 넓은 남편은 불편해하네요
393,평점5,착화감이 좋고 가져워서 좋네요,착화감이 좋고 가져워서 좋네요
394,평점5,배송도 빠르고 품질도 좋습니다,배송도 빠르고 품질도 좋습니다
395,평점5,실내 운동용으로 신어요 좋아요,실내 운동용으로 신어요 좋아요
396,평점5,배송빠르고 제품도 만족합니다.,배송빠르고 제품도 만족합니다.
397,평점5,디자인 무난하고 발이 편합니다,디자인 무난하고 발이 편합니다
398,평점5,빠른배송과 저렴한 가격 좋아요,빠른배송과 저렴한 가격 좋아요
399,평점4,장시간 싣으면 발바닥이 아파요,장시간 싣으면 발바닥이 아파요
